"Id","TableEnumOrId","FieldEnumOrId","CreatedById","CreatedDate"
"737E00000020N7EIAU","Case","Asset","005E0000001eioKIAQ","2012-08-27 03:20:21"
"737E00000020N7FIAU","Case","Contact","005E0000001eioKIAQ","2012-08-27 03:20:21"
"737E00000020N7GIAU","Case","CurrencyIsoCode","005E0000001eioKIAQ","2012-08-27 03:20:21"
"737E00000020N7HIAU","Case","Description","005E0000001eioKIAQ","2012-08-27 03:20:21"
"737E00000020N7IIAU","Case","IsVisibleInSelfService","005E0000001eioKIAQ","2012-08-27 03:20:21"
"737E00000020N7JIAU","Case","Origin","005E0000001eioKIAQ","2012-08-27 03:20:21"
"737E00000020N7KIAU","Case","Owner","005E0000001eioKIAQ","2012-08-27 03:20:21"
"737E00000020N7LIAU","Case","Priority","005E0000001eioKIAQ","2012-08-27 03:20:21"
"737E00000020N7MIAU","Case","Reason","005E0000001eioKIAQ","2012-08-27 03:20:21"
"737E00000020N7NIAU","Case","RecordType","005E0000001eioKIAQ","2012-08-27 03:20:21"
"737E00000020N7OIAU","Case","Status","005E0000001eioKIAQ","2012-08-27 03:20:21"
"737E00000020N7PIAU","Case","Subject","005E0000001eioKIAQ","2012-08-27 03:20:21"
"737E00000020N7QIAU","Case","Type","005E0000001eioKIAQ","2012-08-27 03:20:21"
"737E00000020N7RIAU","Contract","Account","005E0000001eioKIAQ","2012-08-27 03:20:21"
"737E00000020N7SIAU","Contract","AutoRenewCode","005E0000001eioKIAQ","2012-08-27 03:20:21"
"737E00000020N7TIAU","Contract","BankAccountName","005E0000001eioKIAQ","2012-08-27 03:20:21"
"737E00000020N7UIAU","Contract","BankAccountNumber","005E0000001eioKIAQ","2012-08-27 03:20:21"
"737E00000020N7VIAU","Contract","BankAccountType","005E0000001eioKIAQ","2012-08-27 03:20:21"
"737E00000020N7WIAU","Contract","BankAddress","005E0000001eioKIAQ","2012-08-27 03:20:21"
"737E00000020N7XIAU","Contract","BankBranchCode","005E0000001eioKIAQ","2012-08-27 03:20:21"
"737E00000020N7YIAU","Contract","BankCode","005E0000001eioKIAQ","2012-08-27 03:20:21"
"737E00000020N7ZIAU","Contract","BankName","005E0000001eioKIAQ","2012-08-27 03:20:21"
"737E00000020N7aIAE","Contract","BankReferenceNumber","005E0000001eioKIAQ","2012-08-27 03:20:21"
"737E00000020N7bIAE","Contract","BillingAddress","005E0000001eioKIAQ","2012-08-27 03:20:21"
"737E00000020N7cIAE","Contract","BillingCompany","005E0000001eioKIAQ","2012-08-27 03:20:21"
"737E00000020N7dIAE","Contract","BillingEmail","005E0000001eioKIAQ","2012-08-27 03:20:21"
"737E00000020N7eIAE","Contract","BillingFax","005E0000001eioKIAQ","2012-08-27 03:20:21"
"737E00000020N7fIAE","Contract","BillingLanguage","005E0000001eioKIAQ","2012-08-27 03:20:21"
"737E00000020N7gIAE","Contract","BillingName","005E0000001eioKIAQ","2012-08-27 03:20:21"
"737E00000020N7hIAE","Contract","BillingPhone","005E0000001eioKIAQ","2012-08-27 03:20:21"
"737E00000020N7iIAE","Contract","CompanySigned","005E0000001eioKIAQ","2012-08-27 03:20:21"
"737E00000020N7jIAE","Contract","CompanySignedDate","005E0000001eioKIAQ","2012-08-27 03:20:21"
"737E00000020N7kIAE","Contract","ContractTerm","005E0000001eioKIAQ","2012-08-27 03:20:21"
"737E00000020N7lIAE","Contract","CreditCardExpirationDate","005E0000001eioKIAQ","2012-08-27 03:20:21"
"737E00000020N7mIAE","Contract","CreditCardNumber","005E0000001eioKIAQ","2012-08-27 03:20:21"
"737E00000020N7nIAE","Contract","CreditCardType","005E0000001eioKIAQ","2012-08-27 03:20:21"
"737E00000020N7oIAE","Contract","CurrencyIsoCode","005E0000001eioKIAQ","2012-08-27 03:20:21"
"737E00000020N7pIAE","Contract","CustomerExpirationNotice","005E0000001eioKIAQ","2012-08-27 03:20:21"
"737E00000020N7qIAE","Contract","CustomerSigned","005E0000001eioKIAQ","2012-08-27 03:20:21"
"737E00000020N7rIAE","Contract","CustomerSignedDate","005E0000001eioKIAQ","2012-08-27 03:20:21"
"737E00000020N7sIAE","Contract","CustomerSignedTitle","005E0000001eioKIAQ","2012-08-27 03:20:21"
"737E00000020N7tIAE","Contract","Description","005E0000001eioKIAQ","2012-08-27 03:20:21"
"737E00000020N7uIAE","Contract","EndDate","005E0000001eioKIAQ","2012-08-27 03:20:21"
"737E00000020N7vIAE","Contract","InvoiceDispatchMethod","005E0000001eioKIAQ","2012-08-27 03:20:21"
"737E00000020N7wIAE","Contract","IsDunningSuppressed","005E0000001eioKIAQ","2012-08-27 03:20:21"
"737E00000020N7xIAE","Contract","Name","005E0000001eioKIAQ","2012-08-27 03:20:21"
"737E00000020N7yIAE","Contract","NameOnCreditCard","005E0000001eioKIAQ","2012-08-27 03:20:21"
"737E00000020N7zIAE","Contract","OfferExpirationDate","005E0000001eioKIAQ","2012-08-27 03:20:21"
"737E00000020N80IAE","Contract","OrderPrebillDays","005E0000001eioKIAQ","2012-08-27 03:20:21"
"737E00000020N81IAE","Contract","Owner","005E0000001eioKIAQ","2012-08-27 03:20:21"
"737E00000020N82IAE","Contract","OwnerExpirationNotice","005E0000001eioKIAQ","2012-08-27 03:20:21"
"737E00000020N83IAE","Contract","PaymentTerm","005E0000001eioKIAQ","2012-08-27 03:20:21"
"737E00000020N84IAE","Contract","PaymentType","005E0000001eioKIAQ","2012-08-27 03:20:21"
"737E00000020N85IAE","Contract","Pricebook2","005E0000001eioKIAQ","2012-08-27 03:20:21"
"737E00000020N86IAE","Contract","RecordType","005E0000001eioKIAQ","2012-08-27 03:20:21"
"737E00000020N87IAE","Contract","RenewalDays","005E0000001eioKIAQ","2012-08-27 03:20:21"
"737E00000020N88IAE","Contract","RenewalTerm","005E0000001eioKIAQ","2012-08-27 03:20:21"
"737E00000020N89IAE","Contract","Salesrep1","005E0000001eioKIAQ","2012-08-27 03:20:21"
"737E00000020N8AIAU","Contract","Salesrep1Percent","005E0000001eioKIAQ","2012-08-27 03:20:21"
"737E00000020N8BIAU","Contract","Salesrep2","005E0000001eioKIAQ","2012-08-27 03:20:21"
"737E00000020N8CIAU","Contract","Salesrep2Percent","005E0000001eioKIAQ","2012-08-27 03:20:21"
"737E00000020N8DIAU","Contract","Salesrep3","005E0000001eioKIAQ","2012-08-27 03:20:21"
"737E00000020N8EIAU","Contract","Salesrep3Percent","005E0000001eioKIAQ","2012-08-27 03:20:21"
"737E00000020N8FIAU","Contract","ShippingAddress","005E0000001eioKIAQ","2012-08-27 03:20:21"
"737E00000020N8GIAU","Contract","SpecialTerms","005E0000001eioKIAQ","2012-08-27 03:20:21"
"737E00000020N8HIAU","Contract","StartDate","005E0000001eioKIAQ","2012-08-27 03:20:21"
"737E00000020N8IIAU","Contract","Status","005E0000001eioKIAQ","2012-08-27 03:20:21"
"737E00000020N8JIAU","Contract","TaxExemptionCode","005E0000001eioKIAQ","2012-08-27 03:20:21"
"737E00000020N8KIAU","Order","BillToContact","005E0000001eioKIAQ","2012-08-27 03:20:21"
"737E00000020N8LIAU","Order","BillingAddress","005E0000001eioKIAQ","2012-08-27 03:20:21"
"737E00000020N8MIAU","Order","CompanyAuthorizedBy","005E0000001eioKIAQ","2012-08-27 03:20:21"
"737E00000020N8NIAU","Order","CompanyAuthorizedDate","005E0000001eioKIAQ","2012-08-27 03:20:21"
"737E00000020N8OIAU","Order","CustomerAuthorizedBy","005E0000001eioKIAQ","2012-08-27 03:20:21"
"737E00000020N8PIAU","Order","CustomerAuthorizedDate","005E0000001eioKIAQ","2012-08-27 03:20:21"
"737E00000020N8QIAU","Order","Description","005E0000001eioKIAQ","2012-08-27 03:20:21"
"737E00000020N8RIAU","Order","EffectiveDate","005E0000001eioKIAQ","2012-08-27 03:20:21"
"737E00000020N8SIAU","Order","InternalComments","005E0000001eioKIAQ","2012-08-27 03:20:21"
"737E00000020N8TIAU","Order","Name","005E0000001eioKIAQ","2012-08-27 03:20:21"
"737E00000020N8UIAU","Order","OfferExpirationDate","005E0000001eioKIAQ","2012-08-27 03:20:21"
"737E00000020N8VIAU","Order","OrderReferenceNumber","005E0000001eioKIAQ","2012-08-27 03:20:21"
"737E00000020N8WIAU","Order","PoDate","005E0000001eioKIAQ","2012-08-27 03:20:21"
"737E00000020N8XIAU","Order","PoNumber","005E0000001eioKIAQ","2012-08-27 03:20:21"
"737E00000020N8YIAU","Order","ProcessingInstruction","005E0000001eioKIAQ","2012-08-27 03:20:21"
"737E00000020N8ZIAU","Order","ShipToContact","005E0000001eioKIAQ","2012-08-27 03:20:21"
"737E00000020N8aIAE","Order","ShippingAddress","005E0000001eioKIAQ","2012-08-27 03:20:21"
"737E00000020N8bIAE","Order","Status","005E0000001eioKIAQ","2012-08-27 03:20:21"
"737E00000020N8cIAE","Order","TotalAmount","005E0000001eioKIAQ","2012-08-27 03:20:21"
"737E00000020N8dIAE","Order","Type","005E0000001eioKIAQ","2012-08-27 03:20:21"
"737E00000020N8eIAE","Solution","CurrencyIsoCode","005E0000001eioKIAQ","2012-08-27 03:20:21"
"737E00000020N8fIAE","Solution","IsPublished","005E0000001eioKIAQ","2012-08-27 03:20:21"
"737E00000020N8gIAE","Solution","IsPublishedInPublicKb","005E0000001eioKIAQ","2012-08-27 03:20:21"
"737E00000020N8hIAE","Solution","Owner","005E0000001eioKIAQ","2012-08-27 03:20:21"
"737E00000020N8iIAE","Solution","RecordType","005E0000001eioKIAQ","2012-08-27 03:20:21"
"737E00000020N8jIAE","Solution","SolutionName","005E0000001eioKIAQ","2012-08-27 03:20:21"
"737E00000020N8kIAE","Solution","SolutionNote","005E0000001eioKIAQ","2012-08-27 03:20:21"
"737E00000020N8lIAE","Solution","Status","005E0000001eioKIAQ","2012-08-27 03:20:21"
